id,aboutme,account_id,address,alias,badgetext,bannerphotourl,callcenterid,city,communitynickname,companyname,contactid,country,countrycode,currentstatus,defaultcurrencyisocode,defaultdivision,defaultgroupnotificationfrequency,delegatedapproverid,department,digestfrequency,division,email,emailencodingkey,emailpreferencesautobcc,employeenumber,extension,fax,federationidentifier,firstname,forecastenabled,fullphotourl,geocodeaccuracy,individualid,isactive,ispartner,isportalenabled,isportalselfregistered,isprmsuperuser,isprofilephotoactive,jigsawimportlimitoverride,languagelocalekey,lastlogindate,lastname,lastreferenceddate,lastvieweddate,latitude,localesidkey,longitude,manager,managerid,mediumbannerphotourl,middlename,mobilephone,name,numberoffailedlogins,offlinetrialexpirationdate,phone,portalrole,postalcode,profileid,receivesadmininfoemails,receivesinfoemails,senderemail,sendername,signature,smallbannerphotourl,smallphotourl,state,statecode,street,suffix,timezonesidkey,title,username,userroleid,usertype,wirelessemail
cca2eb69-4191-4284-8c17-8132c3fcafee,According us sure music section. Move economic decide scene. Four right shoulder she project cause.,8ffc073d-f9cf-4bd2-8f51-0827637eecaa,"USCGC Green
FPO AA 88998",matthew32,Decision item box accept.,https://placekitten.com/618/58,88ce9b3f-7034-4723-aeb2-90e294f28317,Gravesberg,valentinejohn,Adams PLC,5be1c2ad-a23e-4f0d-bacb-7b4ff87c1539,Guyana,BZ,However century story.,GBP,fall,monthly,ac97d87c-0f2f-4161-9111-291422e12d98,"Engineer, broadcasting (operations)",daily,tree,fdillon@example.net,utf-8,False,50825,256,+1-361-745-7998x25102,2921b03e-e663-4d3b-920a-c5490f97dd8b,Kristina,False,https://picsum.photos/925/623,country,2afd96bc-21e4-47fa-9d66-58cfe8f85894,False,True,False,True,True,True,430366628,ms_MY,1999-07-15 19:06:35.910436,Peters,1977-01-28 10:13:10.861541,1990-12-21 23:44:25.472133,63.483557,nn_NO,9.677167,Cynthia Mays,3634f83e-eaa2-4175-b52f-bf3837191f15,https://dummyimage.com/577x236,Amanda,001-406-937-7977x26775,Christopher Carpenter,1,2002-01-28 01:47:31.358348,(687)873-3814x1914,worker,84504,3a8304e9-9ac9-453b-a159-6cc69467bf7b,True,True,mcguiresandra@example.com,Christine Gutierrez,Air send detail south power right different.,https://dummyimage.com/276x460,https://picsum.photos/735/821,Oklahoma,AL,99919 Harris Cape,Jr.,Europe/London,Dispensing optician,amydiaz@example.com,f8d469f3-6bf1-4eda-9fdb-f729c8fbe24a,admin,wilsonjordan@example.com
3ebb9a5d-1df4-427c-867b-bf76ea51f9c0,"Town agree task behind federal kind. Exactly natural foreign lay. Stop explain allow election behavior according.
Factor officer use suggest realize. Though though ability finally able stuff him.",ef499da0-5274-4fd2-b33d-0d963169a3c9,"90970 Campbell Crescent
Lake Kenneth, CT 46965",dmorrison,Particular poor student rule.,https://picsum.photos/946/339,618f8d7e-4167-429c-a6fb-fa0e9bbfd008,Mariahaven,christopher76,"Aguilar, Murray and Olson",3e89ad44-f7fb-411f-99b5-a4fe47bdc3d6,British Virgin Islands,ME,Season film hear improve tough treatment build.,BYR,simple,weekly,6006e55b-a47b-412b-92b1-ce81673eef8e,"Engineer, structural",weekly,leg,matthewarcher@example.org,utf-8,True,43661,3997,213.596.3871,522d5d37-1fba-462a-941d-6a78e9d6b130,Benjamin,True,https://dummyimage.com/660x1018,block,6d323bd7-894c-4e8b-8f24-a1034ddb528b,True,True,False,False,True,True,61113,nl_AW,1971-06-06 03:43:26.681969,Turner,2008-05-26 17:44:22.036188,1995-05-23 05:09:47.843889,0.083161,lt_LT,0.611601,Brandy Roberts MD,f598dc8a-b5c0-4708-9fe3-790e703cd0f8,https://dummyimage.com/641x409,Sara,312.915.7342,Michelle Riggs,3,1984-05-18 09:12:21.886849,001-925-729-9103x5228,worker,26563,e6cc060f-b1f6-4235-9906-6cfe84c1e77b,False,False,brian33@example.org,Heather Wells,Out someone field message color appear. At hand phone rule price prove.,https://picsum.photos/76/647,https://placekitten.com/932/623,Virginia,SD,9389 David Pines Apt. 843,MD,Pacific/Apia,Merchant navy officer,khowell@example.org,7f74a42d-8682-46ff-8ac0-59dcd8146cbe,admin,rossmatthew@example.com
a74de0d0-f805-482b-8241-7da12ab2eee9,"Reach unit research grow rather. World prevent him financial very speech.
Father sport land contain two ten similar. Imagine weight it bring. Pattern tree their ten during.",ef499da0-5274-4fd2-b33d-0d963169a3c9,"949 Murray Shoal
Mooreport, SC 69720",wilsonkathy,Risk understand decision may sell reveal inside.,https://dummyimage.com/580x580,044f8b12-6819-4b5d-a6a1-f5b4a28c41c1,New Lukebury,moorebruce,Daniel Group,69616f38-5611-4c59-8628-50df592082e8,Liechtenstein,SL,Type beyond style public shake.,UZS,interesting,daily,532b01e3-7784-426a-bb45-8a22fdb568b1,Logistics and distribution manager,weekly,stay,rosedeanna@example.com,utf-8,False,92314,1739,859-310-8499x77946,b346886d-b0c3-4dec-a074-cda3e52f9f2d,Christopher,False,https://picsum.photos/132/946,administrativearea,7fcfbd3c-0352-4d18-95e8-0ba6302bd185,True,False,False,False,False,False,70582470,tg_TJ,1999-02-25 06:32:21.499478,Gregory,2020-02-22 19:36:44.308026,2006-01-06 19:58:30.088595,-32.9375225,bn_IN,54.694242,Cheryl Mayer,9cb7e226-ba01-4dcd-898b-02ba28abe856,https://dummyimage.com/282x499,Connie,(396)348-7628,Cassandra Palmer,0,2012-05-19 06:20:15.052829,(472)463-4364,executive,68163,e5d6727b-37e1-41da-99b5-f3678b81666b,True,False,john82@example.net,Alice Johnson,Start both suddenly space. Cup however better quickly.,https://placekitten.com/203/851,https://picsum.photos/384/568,Washington,AL,306 Perez Gateway,III,Europe/Budapest,Operations geologist,pecktamara@example.org,a8f42b65-4ef4-445f-8e54-ca1453c53e7f,admin,ybullock@example.net
6b78caa9-ddd3-4f67-b80c-eec7b3d96281,"Past federal later total involve least. Against meet end. Law responsibility high trip.
Be seek several language loss modern force. Claim player can ground half big.",8740ca9c-38fb-4a47-a5c7-c85721467cb7,"4254 Blackwell Centers Apt. 103
Lake Kristy, NC 16036",nguyendavid,Teacher lawyer reason.,https://picsum.photos/126/525,df5d4247-cb61-4e04-8493-1777ce4b1948,Thompsonburgh,jennifer62,Allison-Crane,53f247e9-7e1b-4295-be9f-6f344cb2f124,Nigeria,RU,Service policy figure adult.,JOD,table,daily,39b131c5-490b-4104-8822-3c7f2b615bdc,Museum/gallery conservator,weekly,employee,hughessteven@example.org,utf-8,True,50176,6762,(315)736-1615x806,c17e4cd6-3b4e-4da2-98c2-87c2cfb2db0f,Kathy,False,https://picsum.photos/210/168,postalcode,6b13462a-3281-4f2f-8131-740720f8b09e,True,False,False,True,False,True,4683,ta_IN,1985-12-21 16:15:18.471698,Martinez,2005-10-09 15:39:54.213801,2009-05-04 22:48:59.893510,70.198857,sk_SK,47.015207,John Morgan,5e44b3ec-7ebb-4dd3-86eb-b0ea160c7373,https://picsum.photos/556/800,Daniel,+1-884-771-2834x467,Thomas Serrano,0,1970-08-16 20:01:09.877988,001-392-303-5781x452,manager,90547,eabc614f-394e-4c02-a37e-7b1504939b19,True,False,valerienewman@example.net,Tiffany Hampton,Would audience serve seem decade vote because imagine.,https://dummyimage.com/369x878,https://dummyimage.com/872x926,New Mexico,WY,4590 Boyd Hills,MD,America/La_Paz,"Engineer, chemical",brookstanya@example.net,58efeb44-7745-46f9-989c-455c1e04a86f,custom,christopher03@example.net
6d83b5dc-2d29-4c90-abfa-76d296623c2f,"Indicate two west develop church stage pressure. None pressure wind know reach. Section water Mrs understand pass father.
Most ground risk. Far summer response through finally large raise friend.",c0ad5933-9e25-4513-9ef5-3a759ee00802,"7196 Escobar Parkway Suite 447
South Meganfurt, OH 06614",rhonda47,He hope name it several.,https://placekitten.com/689/95,582479ee-9d77-4aa5-9fa2-6803421a3f74,West Sherryshire,bryanriley,Pratt-Hernandez,1db48840-986c-4c27-8fcf-7d31262b9369,Hong Kong,CZ,Four benefit visit that gas owner score western.,LTL,see,weekly,511661c3-5f90-4bbb-8678-6897d387c397,"Scientist, audiological",weekly,upon,matthewstone@example.net,utf-8,False,58766,9670,001-461-446-5318x1968,cbe21ae7-3b33-4267-9e60-41b2cb798458,Heather,False,https://dummyimage.com/916x9,administrativearea,3c4873aa-03fe-474e-8b7f-105cf8da01e3,False,False,False,False,False,False,2,wae_CH,2000-10-24 04:49:00.282614,Davenport,1989-07-30 06:05:12.223200,2021-12-20 06:16:11.191650,-87.882798,niu_NZ,118.993279,Brenda Taylor,0aefbfb4-ce07-4374-8c25-ba869d31a55e,https://placekitten.com/624/466,Jessica,+1-222-796-9142x29735,Daniel Gonzalez,1,1979-09-12 11:58:21.372988,+1-962-837-3572x9099,executive,17089,8ff1ac46-a0a6-4ff0-9f0e-84370f0ad9d6,True,False,yangricky@example.org,John Petersen,Time style glass pretty use.,https://picsum.photos/438/239,https://dummyimage.com/634x651,Maryland,TN,301 Kayla Turnpike,DVM,America/Managua,Civil Service fast streamer,hthompson@example.org,d049fd86-dfcd-4e62-a863-60564646af1a,custom,nathanbrown@example.com
e5620881-231c-4873-9650-0501316cade9,Decision coach include happen Mr customer. May nice miss some million father. Nearly hold society bill heavy carry of. Idea southern thing medical much alone.,ceb23c55-65af-44e1-939f-37bb02a7fdb1,"862 Zuniga Parkway
Michaelchester, NM 15335",gjackson,Attack class analysis country ten media.,https://placekitten.com/634/949,e8d938e6-ca29-48bd-a246-a73004b9e153,Lake Tinaberg,warnerchristopher,"Campbell, Carr and Fischer",2698caf1-aa91-420a-926f-91383b134560,American Samoa,MW,Own bad may.,USD,popular,monthly,e3006e78-d3c7-4d3b-9364-295c694b5f29,"Journalist, broadcasting",weekly,husband,aaron48@example.net,utf-8,False,7246,5781,760-585-7863,bff74e38-73c2-406f-8b97-fdb45dcee3a4,David,False,https://dummyimage.com/806x683,street,9c403cae-0d72-4694-971c-85f662fd3d9f,True,True,False,True,False,True,5,se_NO,1987-03-26 09:12:15.713962,Pratt,1992-12-02 02:36:13.000151,2010-07-29 06:36:37.597993,89.957827,fi_FI,-163.095860,Susan Francis,f667b47d-ef3b-4328-9fa3-2c7f8f17e8dd,https://picsum.photos/727/458,David,200-215-3205x4509,Joshua Brown,9,1996-01-21 16:07:38.141580,+1-461-561-1251x8467,executive,90976,f931caac-9b81-4f44-bbae-7cb2c13bfe6b,False,True,daniellewallace@example.com,Patricia Conner,Anyone number small job. Kitchen them change how.,https://dummyimage.com/742x1,https://placekitten.com/332/622,Montana,GU,9865 Kendra Route,DDS,Africa/Luanda,"Programmer, applications",samanthapeters@example.com,6fd19cff-2d83-4f1c-948b-e5f67b489362,admin,perezlori@example.net
105a3153-c76e-4384-afc4-f74057ff3f0b,"Account relationship bank should down. Hard opportunity black.
Few maybe ahead we set according word.
Couple certain market day.",f497e7b0-5f95-423a-90bd-6fd96047c6da,"Unit 7411 Box 9071
DPO AP 82873",osmith,The management night design garden open.,https://dummyimage.com/101x699,0ef93472-6044-4ef0-a3de-dcb178c96cea,Nicolefurt,lisahendricks,Matthews LLC,f23d915e-105f-4a77-af8c-ccacaecba665,Serbia,TH,Star fill decade area anyone whole seem.,NZD,third,weekly,4bf645d1-4517-437b-bc5d-1be0ae784611,Magazine journalist,daily,town,christina20@example.net,utf-8,False,27412,6571,+1-658-200-9200x02715,d3195061-0936-40e8-8294-ec07a5e064b2,Grant,True,https://placekitten.com/50/499,block,3e8d879f-0567-449e-b279-d5f30efaa951,True,False,False,False,True,False,748455534,yo_NG,1971-12-30 00:42:37.237654,George,2023-10-14 16:02:19.588007,1991-11-21 07:55:01.043592,-51.659271,mn_MN,-61.721699,Jonathan Jimenez,ee8b90ec-d6f8-48fb-ad9d-6d535b33ae28,https://dummyimage.com/748x408,Benjamin,001-237-533-1806x68795,Jason Brown,7,2021-04-18 00:39:27.110726,617.965.6277x9955,manager,01231,ea1e7958-ce5f-42fc-a6f1-dd7d95bf27da,True,True,smithjessica@example.org,Karen Higgins,Tree PM power popular truth better summer.,https://dummyimage.com/705x156,https://dummyimage.com/545x539,New York,VA,777 Morales Coves,DDS,Asia/Damascus,Applications developer,johnsonjulie@example.com,976c938e-05c7-4f22-905c-565ba01e0463,standard,ckennedy@example.org
c8ffa46b-30ac-48f9-b2ad-59d3134c72bc,"Guy own north professor. Dog attention million deep government discuss.
Along born talk must realize student record. Month point inside through. System whether away follow we tough actually.",c0ad5933-9e25-4513-9ef5-3a759ee00802,"952 Huber Tunnel
West Shellyberg, CO 74133",welchkayla,Line market impact it.,https://placekitten.com/679/338,849242b5-3628-4188-baed-c7530785a187,East Ashleyfort,jonesmichael,Dickson Inc,ce38c9d7-d67a-41b4-8311-1e15cf1e0f35,Denmark,JM,Modern without sound.,VND,individual,weekly,127200df-48d3-45f2-9723-684a651a83a8,Make,weekly,side,zsmith@example.net,utf-8,True,57111,1906,+1-962-961-9041,e752ba32-5961-4c35-a910-5e8776aea485,Kimberly,False,https://dummyimage.com/894x1004,country,7416eca1-370f-4e3d-813d-e06da5a3f416,False,False,False,False,False,True,1,fr_CH,1994-09-13 09:36:03.187008,Nichols,2003-09-27 12:22:40.642594,2019-05-05 21:59:29.622587,76.6915205,oc_FR,-152.815387,Patrick Cruz,ad858b1d-abd3-45ea-aaec-d193db9c4bd1,https://dummyimage.com/991x159,Karen,222-974-0224x024,Noah Rivas,2,2012-03-12 00:21:46.240235,815-939-5277,executive,45450,d97bf36a-bb6f-4be3-b0ac-b58b077d69d8,False,True,jkim@example.net,Jennifer Moore,Democratic player weight change each.,https://dummyimage.com/39x848,https://dummyimage.com/699x457,North Carolina,OK,21715 Jenkins Forge Apt. 102,Jr.,Africa/Malabo,"Sound technician, broadcasting/film/video",usmith@example.com,74919d76-32fd-43bb-974d-fd4ec8268a93,custom,craig16@example.org
280fff76-3b14-4937-bc0d-613394eaded2,"Black significant carry size. Maintain impact age job make walk though lay.
Second probably onto sometimes treatment. Consider he low official reason interesting.",6c6f2d34-8ea5-4fc0-a638-ad04f51ebea4,"Unit 6086 Box 8997
DPO AP 55873",kathleen64,Cost attack floor medical produce role.,https://picsum.photos/223/553,d6904d7c-ec1f-4afa-891e-e916e654429a,East Brian,ethan99,Stanley PLC,67ec1a5f-4e49-4c4e-83c4-287d6ad640ff,British Indian Ocean Territory (Chagos Archipelago),VC,Three war down life identify.,GYD,economic,weekly,8dc03dc6-de92-494d-94bd-f28717ac5db6,Microbiologist,weekly,evidence,mfaulkner@example.com,utf-8,False,87869,9481,732-301-4926x290,0e94084c-2030-4587-86eb-1556f370e0bb,Max,False,https://dummyimage.com/975x102,country,b3463681-fe00-4a00-9b2a-4a04b0c5df20,False,True,True,True,True,True,1830613,kok_IN,1985-12-18 17:44:22.267392,Nelson,2020-08-31 05:38:28.112274,1981-04-03 16:17:26.342176,-63.2741605,gd_GB,-28.614482,Geoffrey Clark,ecf557c3-f50c-426a-9e71-8539c2516c50,https://dummyimage.com/299x5,Brian,001-588-645-4635,Scott Williams,2,2017-05-31 19:04:15.090028,(289)288-1669x145,worker,17851,81aeb505-d04c-4bf4-97db-a18e0f3201c2,True,True,tiffany70@example.net,Karen Bradford,Trip physical simple side glass with. Social through real picture main.,https://dummyimage.com/303x445,https://dummyimage.com/786x93,Arkansas,HI,64868 Torres Vista Suite 153,Jr.,Asia/Dhaka,Arts administrator,hurleymichelle@example.net,eddfb958-cbf5-47c2-84d0-365041d5ccc9,standard,christophermiller@example.net
45372e80-add0-4636-b0b4-4dfabf13e9a2,Long street admit. Work seem natural event discussion. Development thus special part teach political.,f497e7b0-5f95-423a-90bd-6fd96047c6da,"8088 Tamara Summit Apt. 585
Vazquezland, IA 19519",emily02,Everybody strong fire cup.,https://placekitten.com/306/654,ecde6bf1-02fa-475e-aac5-533a3809102f,West Xavierborough,kevin45,"Stevens, Zamora and Martinez",1dfd4507-687e-4b16-91f1-fefd3eef2c80,Costa Rica,SZ,Responsibility able personal.,SCR,today,monthly,b2cb51b1-2cd5-4c9e-a8fc-e2612d4adc02,Public relations account executive,daily,nothing,aliciasoto@example.com,utf-8,False,72570,7255,001-571-266-9539x8583,ed19d744-9c21-46b9-8e05-4ee8d8c47f43,Timothy,True,https://dummyimage.com/910x93,address,a039e9f5-6871-4d10-b525-44327bbaeccf,False,True,True,True,False,True,7940043,th_TH,2020-04-08 00:23:17.198864,Duarte,1970-07-03 08:22:24.281285,2001-12-21 05:55:06.023317,-69.6272925,gd_GB,-54.519163,Jennifer Shaw,5d14b8fb-6d8d-476e-a517-8838f6240b5c,https://dummyimage.com/313x976,Laura,(949)645-6025x68140,Martha Allison,2,1989-08-21 19:59:09.853706,219.411.7952x200,executive,97681,5a402aa2-f787-4ef8-ac42-3c8248acc9d3,True,True,amanda72@example.net,Nathan Gonzalez,Wrong human ten walk door front. Sort understand crime remember system ask.,https://picsum.photos/118/688,https://picsum.photos/747/606,Nebraska,OH,043 William Hills Apt. 952,DVM,Europe/Tirane,Community education officer,nicholasmoore@example.org,c9316dc7-52ce-4e6f-83bc-63ffec4dc1e0,standard,brittany94@example.net
